f1481.json, 16, 109, 16, 116
f2125.json, 216, 13756, 226, 13853
f1390.json, 384, 6286, 392, 6518
f284.json, 32, 169, 32, 194
f2444.json, 16, 74, 16, 81
f1672.json, 8, 46, 8, 49
f1714.json, 40, 277, 40, 299
f1442.json, 44, 255, 44, 281
f1869.json, 72, 614, 72, 648
f2106.json, 12, 149, 12, 152
f1434.json, 76, 342, 76, 382
f1659.json, 260, 1073, 260, 1213
f1397.json, 108, 694, 108, 746
f1183.json, 484, 3841, 484, 4377
f1767.json, 12, 76, 12, 77
f1878.json, 92, 8737, 170, 7978
f1403.json, 56, 301, 56, 344
f1249.json, 188, 1024, 188, 1128
f2048.json, 22, 126, 22, 134
f1534.json, 48, 121, 48, 134
f1142.json, 72, 325, 72, 368
f1010.json, 12, 31, 12, 35
f1690.json, 24, 253, 24, 264
f2154.json, 48, 335, 48, 354
f1425.json, 36, 127, 36, 146
f2013.json, 468, 3689, 468, 4205
f1299.json, 12, 63, 12, 67
f2007.json, 666, 2776, 666, 3038
f2554.json, 8, 33, 8, 35
f2524.json, 54, 366, 54, 386
f2550.json, 12, 60, 12, 65
f1781.json, 72, 345, 72, 372
f1710.json, 328, 2465, 328, 2644
f1162.json, 36, 203, 36, 229
f1565.json, 28, 83, 28, 90
f1116.json, 36, 151, 36, 169
f1981.json, 8, 44, 8, 48
f23.json, 36, 104, 36, 116
f1755.json, 24, 77, 24, 87
f2157.json, 40, 257, 40, 277
f1797.json, 20, 141, 20, 156
f1132.json, 52, 131, 52, 147
f1700.json, 24, 125, 24, 132
f1713.json, 24, 105, 24, 111
f1500.json, 136, 715, 136, 805
f1060.json, 388, 7165, 404, 7328
f2254.json, 278, 6545, 280, 6672
f2544.json, 104, 1049, 104, 1080
f1088.json, 20, 79, 20, 86
f2107.json, 24, 77, 24, 88
f2421.json, 206, 2275, 206, 2386
f2165.json, 28, 229, 28, 252
f2110.json, 68, 938, 68, 963
f1377.json, 700, 11278, 784, 11750
f1588.json, 308, 2249, 308, 2420
f1399.json, 36, 237, 36, 250
f2015.json, 44, 181, 44, 192
f1992.json, 690, 11968, 716, 12313
f2303.json, 16, 65, 16, 72
f1706.json, 20, 63, 20, 68
f1369.json, 28, 103, 28, 115
f1624.json, 56, 291, 56, 322
f2460.json, 72, 201, 72, 241
f1488.json, 16, 73, 16, 78
f1698.json, 282, 2189, 282, 2306
f2453.json, 20, 59, 20, 66
f2049.json, 36, 243, 36, 258
f1401.json, 16, 123, 16, 131
f1469.json, 6, 22, 6, 24
f2402.json, 68, 309, 68, 340
f1009.json, 188, 1416, 188, 1536
f1461.json, 60, 347, 60, 375
f1776.json, 120, 1530, 120, 1592
f1834.json, 52, 193, 52, 207
f1652.json, 28, 125, 28, 134
f2018.json, 36, 251, 36, 263
f1354.json, 200, 1308, 200, 1500
f1328.json, 924, 7405, 924, 8394
f1670.json, 44, 185, 44, 211
f1898.json, 24, 131, 24, 142
f1327.json, 772, 12205, 830, 12635
f2343.json, 76, 521, 76, 548
f1633.json, 24, 243, 24, 254
f1172.json, 186, 1707, 202, 1845
f1158.json, 24, 125, 24, 137
f2450.json, 8, 28, 8, 34
f1220.json, 474, 9583, 490, 9801
f1712.json, 8, 56, 8, 59
f2572.json, 8, 32, 8, 35
f1099.json, 32, 273, 32, 302
f2195.json, 626, 11127, 652, 11410
f1457.json, 90, 857, 106, 946
f2578.json, 98, 650, 98, 683
f1032.json, 24, 65, 24, 73
f1021.json, 326, 3253, 326, 3495
f2114.json, 24, 157, 24, 161
f1246.json, 48, 249, 48, 276
f1297.json, 128, 1025, 128, 1122
f1740.json, 66, 284, 66, 317
f1559.json, 16, 103, 16, 107
f1990.json, 12, 63, 12, 69
f1281.json, 12, 111, 12, 113
f2191.json, 8, 17, 8, 19
f1544.json, 176, 527, 176, 618
f1859.json, 56, 309, 56, 334
f2002.json, 16, 65, 16, 72
f2279.json, 112, 537, 112, 575
f1510.json, 8, 16, 8, 18
f1862.json, 34, 841, 34, 866
f1339.json, 24, 105, 24, 116
f1951.json, 8, 89, 8, 89
f1449.json, 60, 324, 60, 347
f1996.json, 40, 193, 40, 222
f2496.json, 148, 4745, 206, 5089
f1985.json, 28, 255, 28, 266
f2528.json, 24, 93, 24, 100
f1716.json, 20, 63, 20, 71
f1031.json, 60, 335, 60, 385
f1847.json, 32, 233, 32, 239
f2193.json, 86, 727, 86, 774
f1681.json, 64, 233, 64, 249
f2471.json, 24, 183, 24, 198
f2582.json, 4, 6, 4, 7
f1171.json, 1016, 8119, 1016, 9204
f2520.json, 48, 223, 48, 235
f1923.json, 20, 206, 20, 216
f1292.json, 26, 88, 26, 99
f1739.json, 16, 45, 16, 50
f1127.json, 48, 189, 48, 214
f2138.json, 32, 168, 32, 180
f159.json, 72, 453, 72, 530
f2021.json, 24, 81, 24, 91
f1475.json, 36, 103, 36, 112
f1824.json, 52, 207, 52, 232
f1422.json, 376, 6264, 384, 6492
f2347.json, 94, 640, 94, 671
f1305.json, 88, 401, 88, 457
f2022.json, 12, 97, 12, 116
f1626.json, 270, 2118, 270, 2228
f1799.json, 28, 165, 28, 180
f2186.json, 658, 11457, 684, 11751
f2089.json, 20, 87, 20, 96
f1265.json, 16, 93, 16, 99
f2194.json, 452, 2161, 452, 2373
f1484.json, 40, 403, 40, 430
f1651.json, 24, 116, 24, 133
f1016.json, 18, 126, 18, 131
f1586.json, 12, 38, 12, 43
f2232.json, 56, 377, 56, 403
f2294.json, 8, 49, 8, 52
f1660.json, 28, 134, 28, 150
f1285.json, 14, 58, 14, 64
f1061.json, 178, 3694, 258, 4213
f2135.json, 12, 35, 12, 40
f2080.json, 52, 505, 52, 543
f1086.json, 206, 3245, 214, 3375
f1103.json, 34, 212, 34, 229
f1617.json, 94, 11931, 94, 11993
f2035.json, 20, 171, 20, 177
f1986.json, 32, 233, 32, 242
f1074.json, 44, 257, 44, 280
f1044.json, 492, 3885, 492, 4425
f1678.json, 42, 161, 42, 186
f1743.json, 28, 211, 28, 224
f2228.json, 8, 21, 8, 24
f2057.json, 86, 731, 86, 779
f286.json, 64, 758, 66, 834
f2501.json, 360, 2741, 360, 2934
f1807.json, 40, 101, 40, 112
f1017.json, 40, 149, 40, 174
f1379.json, 48, 249, 48, 282
f1816.json, 44, 192, 44, 209
f1575.json, 48, 183, 48, 196
f1809.json, 232, 13853, 242, 13952
f1800.json, 22, 142, 22, 151
f2206.json, 328, 1301, 328, 1468
f2478.json, 24, 137, 24, 147
f2225.json, 24, 241, 24, 249
f2330.json, 12, 77, 12, 79
f1676.json, 76, 12329, 112, 12453
f2365.json, 70, 550, 70, 588
f1944.json, 76, 1246, 84, 1245
f1749.json, 100, 407, 100, 453
f1766.json, 418, 8073, 442, 8247
f1118.json, 96, 519, 96, 576
f1474.json, 8, 41, 8, 43
f2529.json, 172, 877, 172, 942
f1346.json, 550, 2912, 550, 3165
f2028.json, 82, 592, 82, 634
f1030.json, 30, 120, 30, 136
f2056.json, 78, 597, 78, 643
f1694.json, 32, 129, 32, 143
f1641.json, 16, 101, 16, 108
f1259.json, 12, 35, 12, 40
f1198.json, 52, 287, 52, 326
f1777.json, 28, 88, 28, 102
f1441.json, 32, 162, 32, 176
f1342.json, 718, 11791, 776, 12194
f1235.json, 60, 400, 60, 436
f2336.json, 10, 23, 10, 25
f1828.json, 8, 29, 8, 33
f1248.json, 32, 141, 32, 153
f1850.json, 240, 15959, 248, 16072
f1119.json, 20, 167, 20, 178
f1823.json, 16, 105, 16, 108
f1324.json, 44, 308, 44, 332
f1775.json, 92, 1176, 92, 1216
f2113.json, 12, 27, 12, 30
f1815.json, 4, 40, 4, 40
f1525.json, 8, 40, 8, 42
f1736.json, 28, 79, 28, 88
f2067.json, 20, 213, 20, 226
f2198.json, 208, 13703, 216, 13793
f1540.json, 20, 227, 20, 234
f2019.json, 36, 143, 36, 162
f2531.json, 8, 17, 8, 19
f1655.json, 20, 79, 20, 84
f1580.json, 12, 63, 12, 68
f1762.json, 76, 766, 76, 803
f1782.json, 8, 25, 8, 28
f1223.json, 92, 415, 92, 473
f1685.json, 28, 79, 28, 88
f1251.json, 4, 11, 4, 13
f2098.json, 40, 221, 40, 254
f13.json, 16, 45, 16, 51
f1250.json, 48, 244, 50, 260
f1868.json, 80, 593, 80, 630
f2155.json, 210, 1128, 218, 1219
f2569.json, 96, 651, 96, 710
f2170.json, 84, 662, 84, 697
f1019.json, 40, 257, 40, 287
f1225.json, 56, 289, 56, 329
f1687.json, 28, 107, 28, 122
f2024.json, 204, 2076, 204, 2174
f2.json, 272, 2395, 272, 2516
f1654.json, 36, 91, 36, 100
f2061.json, 24, 193, 24, 207
f1516.json, 48, 253, 48, 288
f2031.json, 776, 6351, 776, 7188
f1435.json, 24, 121, 24, 131
f1950.json, 32, 216, 32, 237
f1398.json, 20, 95, 20, 110
f156.json, 816, 4348, 816, 4830
f2213.json, 216, 1726, 216, 1915
f1789.json, 94, 497, 106, 563
f1343.json, 700, 11598, 758, 11993
f1640.json, 62, 382, 62, 404
f1363.json, 562, 2978, 562, 3237
f1719.json, 48, 411, 48, 426
f1470.json, 32, 133, 32, 155
f1338.json, 28, 167, 28, 180
f2137.json, 80, 505, 80, 539
f2209.json, 16, 77, 16, 83
f2482.json, 20, 69, 20, 75
f16.json, 36, 95, 36, 106
f1552.json, 20, 227, 20, 234
f2229.json, 484, 3849, 484, 4379
f2201.json, 56, 427, 56, 444
f1937.json, 16, 95, 16, 99
f1069.json, 618, 10761, 682, 11129
f1892.json, 4, 18, 4, 18
f1498.json, 28, 71, 28, 79
f1689.json, 24, 135, 24, 147
f1463.json, 276, 6114, 278, 6187
f2452.json, 50, 213, 62, 268
f1037.json, 82, 5017, 226, 5642
f1792.json, 24, 61, 24, 67
f2518.json, 12, 85, 12, 88
f1904.json, 32, 219, 32, 245
f1955.json, 72, 351, 72, 378
f1673.json, 480, 6727, 488, 7009
f1538.json, 92, 476, 92, 516
f1392.json, 20, 137, 20, 144
f2521.json, 4, 19, 4, 19
f1020.json, 36, 235, 36, 261
f2146.json, 204, 15098, 280, 15496
f2216.json, 16, 91, 16, 97
f1961.json, 76, 521, 76, 542
f1055.json, 8, 42, 8, 45
f1101.json, 124, 535, 124, 611
f2527.json, 18, 138, 18, 148
f1302.json, 136, 593, 136, 679
f2006.json, 16, 77, 16, 82
f1177.json, 436, 6502, 444, 6762
f2575.json, 48, 149, 48, 161
f1881.json, 230, 1911, 230, 2041
f2182.json, 36, 247, 36, 271
f1942.json, 136, 8693, 172, 7695
f1202.json, 40, 153, 40, 177
f1798.json, 28, 157, 28, 171
f1326.json, 56, 249, 56, 264
f2455.json, 56, 323, 70, 393
f1579.json, 20, 165, 20, 168
f1851.json, 78, 587, 78, 631
f1417.json, 6, 22, 6, 22
f2335.json, 12, 39, 12, 45
f2105.json, 44, 377, 44, 416
f1757.json, 44, 320, 44, 340
f2100.json, 12, 47, 12, 51
f1443.json, 36, 155, 36, 169
f1935.json, 88, 441, 88, 489
f1241.json, 276, 2235, 276, 2502
f2473.json, 156, 3704, 168, 4310
f1991.json, 352, 2637, 352, 2828
f2055.json, 24, 61, 24, 68
f1257.json, 116, 515, 116, 589
f2585.json, 100, 843, 100, 936
f1877.json, 76, 587, 76, 632
f1794.json, 12, 75, 12, 78
f2084.json, 270, 1749, 270, 1854
f1341.json, 20, 153, 20, 169
f1121.json, 16, 41, 16, 45
f1078.json, 40, 97, 40, 107
f1436.json, 24, 113, 24, 123
f2586.json, 24, 107, 24, 113
f1901.json, 60, 295, 60, 335
f1825.json, 16, 489, 16, 492
f1149.json, 52, 247, 52, 278
f2153.json, 248, 2238, 248, 2293
f2145.json, 40, 255, 40, 271
f1907.json, 96, 757, 96, 831
f2526.json, 168, 5151, 230, 5507
f1349.json, 144, 765, 144, 859
f1052.json, 12, 163, 12, 166
f1479.json, 16, 99, 16, 104
f1100.json, 20, 83, 20, 88
f1253.json, 74, 386, 74, 433
f2099.json, 132, 4499, 190, 5111
f1163.json, 24, 149, 24, 164
f1040.json, 56, 273, 56, 309
f2278.json, 84, 319, 84, 340
f1134.json, 1028, 8233, 1028, 9330
f1486.json, 12, 149, 12, 152
f2005.json, 228, 13843, 238, 13941
f1438.json, 500, 9845, 518, 10068
f1795.json, 28, 474, 28, 479
f1480.json, 244, 1939, 244, 2092
f2409.json, 40, 173, 40, 199
f20.json, 28, 107, 28, 116
f1252.json, 60, 367, 60, 405
f1201.json, 28, 111, 28, 127
f1785.json, 12, 39, 12, 44
f1613.json, 24, 149, 24, 158
f2230.json, 8, 17, 8, 20
f2391.json, 44, 333, 44, 358
f1636.json, 78, 356, 78, 384
f2187.json, 800, 12317, 856, 12770
f1576.json, 12, 85, 12, 89
f1506.json, 16, 101, 16, 107
f2543.json, 24, 247, 24, 264
f2134.json, 44, 111, 44, 123
f2001.json, 66, 424, 66, 457
f2132.json, 12, 27, 12, 30
f1355.json, 12, 27, 12, 30
f1288.json, 76, 431, 76, 479
f2090.json, 186, 11456, 198, 11552
f2457.json, 108, 721, 108, 777
f1495.json, 8, 53, 8, 56
f1503.json, 12, 51, 12, 58
f1477.json, 32, 235, 32, 256
f1699.json, 16, 65, 16, 72
f1226.json, 324, 1599, 324, 1776
f2247.json, 484, 8032, 500, 8239
f1886.json, 12, 65, 12, 69
f1730.json, 80, 639, 80, 700
f1428.json, 20, 47, 20, 52
f1308.json, 44, 238, 44, 270
f2074.json, 28, 111, 28, 120
f153.json, 68, 323, 68, 352
f1444.json, 72, 361, 72, 409
f1612.json, 560, 10380, 596, 10643
f1478.json, 28, 186, 28, 209
f1677.json, 40, 321, 40, 341
f1529.json, 16, 143, 16, 150
f1317.json, 36, 194, 36, 212
f1415.json, 16, 105, 16, 108
f1629.json, 40, 101, 40, 112
f1378.json, 16, 37, 16, 41
f1927.json, 20, 117, 20, 127
f1938.json, 12, 199, 12, 202
f2295.json, 124, 952, 124, 1014
f1832.json, 76, 317, 76, 336
f1418.json, 550, 9980, 588, 10283
f2122.json, 68, 424, 68, 475
f2223.json, 80, 559, 80, 628
f2461.json, 120, 1025, 120, 1126
f2513.json, 72, 553, 72, 592
f2152.json, 132, 1066, 132, 1108
f1408.json, 636, 11179, 674, 11485
f2373.json, 60, 357, 60, 384
f1705.json, 8, 21, 8, 24
f1852.json, 36, 233, 36, 262
f1360.json, 20, 79, 20, 90
f1711.json, 76, 496, 76, 529
f2014.json, 204, 13693, 212, 13782
f1493.json, 20, 103, 20, 110
f1128.json, 36, 249, 36, 267
f1916.json, 20, 139, 20, 154
f1186.json, 228, 4307, 228, 4364
f1115.json, 448, 6560, 456, 6828
f2147.json, 192, 13541, 204, 13634
f1958.json, 392, 1878, 392, 2063
f1404.json, 8, 37, 8, 40
f1291.json, 80, 565, 80, 637
f1615.json, 16, 117, 16, 127
f1034.json, 40, 281, 40, 309
f2530.json, 156, 807, 156, 880
f2205.json, 12, 59, 12, 62
f2517.json, 8, 17, 8, 19
f1051.json, 44, 375, 44, 398
f1535.json, 64, 233, 64, 249
f1386.json, 456, 6582, 464, 6854
f1340.json, 14, 57, 16, 66
f2262.json, 16, 53, 16, 61
f1692.json, 44, 267, 44, 304
f1908.json, 18, 68, 18, 75
f2297.json, 124, 623, 124, 654
f1932.json, 536, 8492, 558, 8721
f1688.json, 16, 93, 16, 104
f1787.json, 222, 6821, 230, 6913
f1376.json, 128, 685, 128, 769
f2139.json, 20, 66, 20, 73
f1029.json, 32, 77, 32, 85
f1778.json, 20, 92, 20, 101
f1160.json, 28, 147, 28, 169
f2405.json, 44, 165, 44, 176
f2052.json, 32, 233, 32, 259
f1231.json, 84, 575, 84, 596
f1880.json, 72, 1283, 72, 1334
f1353.json, 20, 114, 20, 124
f1279.json, 84, 387, 84, 441
f1849.json, 64, 519, 64, 577
f1459.json, 152, 1107, 152, 1145
f1214.json, 32, 133, 32, 155
f1876.json, 28, 127, 28, 135
f1368.json, 68, 175, 68, 194
f1854.json, 156, 11160, 160, 11222
f1943.json, 4, 24, 4, 24
f1610.json, 16, 68, 16, 73
f2307.json, 68, 699, 68, 712
f1602.json, 618, 11033, 654, 11329
f1148.json, 8, 37, 8, 39
f1109.json, 48, 233, 48, 262
f1977.json, 66, 521, 66, 562
f1150.json, 52, 259, 52, 293
f1541.json, 32, 81, 32, 90
f1011.json, 538, 2832, 538, 3083
f1707.json, 8, 45, 8, 46
f2288.json, 60, 529, 60, 571
f1872.json, 90, 11941, 90, 11997
f2069.json, 32, 345, 32, 364
f2217.json, 28, 319, 28, 329
f1826.json, 278, 2167, 278, 2284
f1887.json, 4, 6, 4, 7
f2004.json, 40, 217, 40, 250
f1893.json, 8, 51, 8, 53
f2016.json, 24, 81, 24, 92
f2431.json, 8, 17, 8, 19
f2111.json, 20, 51, 20, 57
f1583.json, 8, 19, 8, 19
f1513.json, 44, 111, 44, 123
f1238.json, 44, 321, 44, 353
f1505.json, 12, 51, 12, 58
f1924.json, 376, 2959, 376, 3375
f1546.json, 24, 177, 24, 186
f1895.json, 72, 1283, 72, 1334
f2179.json, 16, 81, 16, 96
f1810.json, 12, 67, 12, 72
f2174.json, 694, 11983, 720, 12329
f1135.json, 76, 339, 76, 384
f1352.json, 298, 6367, 302, 6444
f1161.json, 114, 402, 114, 435
f2172.json, 32, 129, 32, 146
f1911.json, 28, 260, 28, 280
f2432.json, 12, 47, 12, 51
f1204.json, 96, 757, 96, 831
f1067.json, 468, 3681, 468, 4195
f2443.json, 12, 39, 12, 44
f2390.json, 252, 6233, 256, 6301
f1361.json, 24, 93, 24, 104
f1790.json, 332, 1311, 332, 1479
f1742.json, 292, 2109, 292, 2278
f1966.json, 24, 129, 24, 136
f2023.json, 16, 61, 16, 67
f1169.json, 508, 4045, 508, 4599
f1926.json, 236, 2132, 244, 2240
f1476.json, 108, 861, 108, 948
f2224.json, 44, 28356, 48, 28355
f1230.json, 36, 267, 36, 291
f1244.json, 50, 344, 50, 357
f1179.json, 112, 493, 112, 563
f1482.json, 20, 113, 20, 120
f1004.json, 52, 339, 52, 373
f1023.json, 30, 261, 30, 273
f1984.json, 422, 26873, 422, 27089
f1531.json, 180, 996, 180, 1096
f2350.json, 4, 76, 4, 76
f1929.json, 48, 201, 48, 212
f2349.json, 4, 6, 4, 6
f1025.json, 32, 102, 32, 116
f1472.json, 96, 1518, 96, 1582
f1221.json, 12, 35, 12, 39
f1143.json, 84, 383, 84, 436
f1589.json, 44, 145, 44, 157
f1875.json, 20, 63, 20, 72
f2222.json, 8, 25, 8, 28
f1524.json, 44, 266, 44, 287
f1873.json, 4, 56, 4, 56
f1905.json, 12, 43, 12, 46
f1102.json, 96, 425, 96, 484
f1756.json, 68, 247, 68, 265
f1526.json, 24, 73, 24, 79
f2141.json, 56, 399, 56, 410
f1331.json, 16, 57, 16, 63
f1289.json, 44, 303, 44, 332
f2082.json, 28, 141, 28, 149
f1483.json, 28, 95, 28, 108
f1130.json, 36, 331, 36, 339
f1194.json, 48, 186, 48, 210
